Time;Usage default  upgradeplanner;Limit default  backend-v1
2020-05-25T10:04:45.000Z;null;null
2020-05-25T10:05:00.000Z;34;300
2020-05-25T10:05:15.000Z;null;null
2020-05-25T10:05:30.000Z;null;null
2020-05-25T10:05:45.000Z;null;null
2020-05-25T10:06:00.000Z;40;500
2020-05-25T10:06:15.000Z;null;null
2020-05-25T10:06:30.000Z;null;null
2020-05-25T10:06:45.000Z;null;null
2020-05-25T10:07:00.000Z;30;200
2020-05-25T10:07:15.000Z;null;null
2020-05-25T10:07:30.000Z;null;null
2020-05-25T10:07:45.000Z;null;null
2020-05-25T10:08:00.000Z;33;300
2020-05-25T10:08:15.000Z;null;null
2020-05-25T10:08:30.000Z;null;null
2020-05-25T10:08:45.000Z;null;null
2020-05-25T10:09:00.000Z;39;100
2020-05-25T10:09:15.000Z;null;null
2020-05-25T10:09:30.000Z;null;null
2020-05-25T10:09:45.000Z;null;null
2020-05-25T10:10:00.000Z;38;100
2020-05-25T10:10:15.000Z;null;null
2020-05-25T10:10:30.000Z;null;null
2020-05-25T10:10:45.000Z;null;null
2020-05-25T10:11:00.000Z;26;0
2020-05-25T10:11:15.000Z;null;null
2020-05-25T10:11:30.000Z;null;null
2020-05-25T10:11:45.000Z;null;null
2020-05-25T10:12:00.000Z;5;0
2020-05-25T10:12:15.000Z;null;null
2020-05-25T10:12:30.000Z;null;null
2020-05-25T10:12:45.000Z;null;null
2020-05-25T10:13:00.000Z;3;0
2020-05-25T10:13:15.000Z;null;null
2020-05-25T10:13:30.000Z;null;null
2020-05-25T10:13:45.000Z;null;null
2020-05-25T10:14:00.000Z;4;0
2020-05-25T10:14:15.000Z;null;null
2020-05-25T10:14:30.000Z;null;null
2020-05-25T10:14:45.000Z;null;null
2020-05-25T10:15:00.000Z;null;null
2020-05-25T10:15:15.000Z;null;null
2020-05-25T10:15:30.000Z;null;null
2020-05-25T10:15:45.000Z;null;null
2020-05-25T10:16:00.000Z;null;1300
2020-05-25T10:16:15.000Z;null;null
2020-05-25T10:16:30.000Z;null;null
2020-05-25T10:16:45.000Z;null;null
2020-05-25T10:17:00.000Z;2;1300
2020-05-25T10:17:15.000Z;null;null
2020-05-25T10:17:30.000Z;null;null
2020-05-25T10:17:45.000Z;null;null
2020-05-25T10:18:00.000Z;2;1300
2020-05-25T10:18:15.000Z;null;null
2020-05-25T10:18:30.000Z;null;null
2020-05-25T10:18:45.000Z;null;null
2020-05-25T10:19:00.000Z;2;1300
2020-05-25T10:19:15.000Z;null;null
2020-05-25T10:19:30.000Z;null;null
2020-05-25T10:19:45.000Z;null;null
2020-05-25T10:20:00.000Z;2;1300
2020-05-25T10:20:15.000Z;null;null
2020-05-25T10:20:30.000Z;null;null
2020-05-25T10:20:45.000Z;null;null
2020-05-25T10:21:00.000Z;2;1300
2020-05-25T10:21:15.000Z;null;null
2020-05-25T10:21:30.000Z;null;null
2020-05-25T10:21:45.000Z;null;null
2020-05-25T10:22:00.000Z;1;1300
2020-05-25T10:22:15.000Z;null;null
2020-05-25T10:22:30.000Z;null;null
2020-05-25T10:22:45.000Z;null;null
2020-05-25T10:23:00.000Z;178;1300
2020-05-25T10:23:15.000Z;null;null
2020-05-25T10:23:30.000Z;null;null
2020-05-25T10:23:45.000Z;null;null
2020-05-25T10:24:00.000Z;4;1300
2020-05-25T10:24:15.000Z;null;null
2020-05-25T10:24:30.000Z;null;null
2020-05-25T10:24:45.000Z;null;null
2020-05-25T10:25:00.000Z;28;1300
2020-05-25T10:25:15.000Z;null;null
2020-05-25T10:25:30.000Z;null;null
2020-05-25T10:25:45.000Z;null;null
2020-05-25T10:26:00.000Z;100;1300
2020-05-25T10:26:15.000Z;null;null
2020-05-25T10:26:30.000Z;null;null
2020-05-25T10:26:45.000Z;null;null
2020-05-25T10:27:00.000Z;53;1200
2020-05-25T10:27:15.000Z;null;null
2020-05-25T10:27:30.000Z;null;null
2020-05-25T10:27:45.000Z;null;null
2020-05-25T10:28:00.000Z;86;2300
2020-05-25T10:28:15.000Z;null;null
2020-05-25T10:28:30.000Z;null;null
2020-05-25T10:28:45.000Z;null;null
2020-05-25T10:29:00.000Z;60;1100
2020-05-25T10:29:15.000Z;null;null
2020-05-25T10:29:30.000Z;null;null
2020-05-25T10:29:45.000Z;null;null
2020-05-25T10:30:00.000Z;36;2100
2020-05-25T10:30:15.000Z;null;null
2020-05-25T10:30:30.000Z;null;null
2020-05-25T10:30:45.000Z;null;null
2020-05-25T10:31:00.000Z;55;1000
2020-05-25T10:31:15.000Z;null;null
2020-05-25T10:31:30.000Z;null;null
2020-05-25T10:31:45.000Z;null;null
2020-05-25T10:32:00.000Z;null;1300
2020-05-25T10:32:15.000Z;null;null
2020-05-25T10:32:30.000Z;null;null
2020-05-25T10:32:45.000Z;null;null
2020-05-25T10:33:00.000Z;3;1300
2020-05-25T10:33:15.000Z;null;null
2020-05-25T10:33:30.000Z;null;null
2020-05-25T10:33:45.000Z;null;null
2020-05-25T10:34:00.000Z;null;1300
2020-05-25T10:34:15.000Z;null;null
2020-05-25T10:34:30.000Z;null;null
2020-05-25T10:34:45.000Z;null;null
2020-05-25T10:35:00.000Z;null;1300
2020-05-25T10:35:15.000Z;null;null
2020-05-25T10:35:30.000Z;null;null
2020-05-25T10:35:45.000Z;null;null
2020-05-25T10:36:00.000Z;3;1300
2020-05-25T10:36:15.000Z;null;null
2020-05-25T10:36:30.000Z;null;null
2020-05-25T10:36:45.000Z;null;null
2020-05-25T10:37:00.000Z;2;1300
2020-05-25T10:37:15.000Z;null;null
2020-05-25T10:37:30.000Z;null;null
2020-05-25T10:37:45.000Z;null;null
2020-05-25T10:38:00.000Z;2;1300
2020-05-25T10:38:15.000Z;null;null
2020-05-25T10:38:30.000Z;null;null
2020-05-25T10:38:45.000Z;null;null
2020-05-25T10:39:00.000Z;2;1300
2020-05-25T10:39:15.000Z;null;null
2020-05-25T10:39:30.000Z;null;null
2020-05-25T10:39:45.000Z;null;null
2020-05-25T10:40:00.000Z;2;1300
2020-05-25T10:40:15.000Z;null;null
2020-05-25T10:40:30.000Z;null;null
2020-05-25T10:40:45.000Z;null;null
2020-05-25T10:41:00.000Z;2;1300
2020-05-25T10:41:15.000Z;null;null
2020-05-25T10:41:30.000Z;null;null
2020-05-25T10:41:45.000Z;null;null
2020-05-25T10:42:00.000Z;1;1300
2020-05-25T10:42:15.000Z;null;null
2020-05-25T10:42:30.000Z;null;null
2020-05-25T10:42:45.000Z;null;null
2020-05-25T10:43:00.000Z;186;1300
2020-05-25T10:43:15.000Z;null;null
2020-05-25T10:43:30.000Z;null;null
2020-05-25T10:43:45.000Z;null;null
2020-05-25T10:44:00.000Z;4;1300
2020-05-25T10:44:15.000Z;null;null
2020-05-25T10:44:30.000Z;null;null
2020-05-25T10:44:45.000Z;null;null
2020-05-25T10:45:00.000Z;78;1300
2020-05-25T10:45:15.000Z;null;null
2020-05-25T10:45:30.000Z;null;null
2020-05-25T10:45:45.000Z;null;null
2020-05-25T10:46:00.000Z;54;2500
2020-05-25T10:46:15.000Z;null;null
2020-05-25T10:46:30.000Z;null;null
2020-05-25T10:46:45.000Z;null;null
2020-05-25T10:47:00.000Z;81;1200
2020-05-25T10:47:15.000Z;null;null
2020-05-25T10:47:30.000Z;null;null
2020-05-25T10:47:45.000Z;null;null
2020-05-25T10:48:00.000Z;51;2300
2020-05-25T10:48:15.000Z;null;null
2020-05-25T10:48:30.000Z;null;null
2020-05-25T10:48:45.000Z;null;null
2020-05-25T10:49:00.000Z;67;1100
2020-05-25T10:49:15.000Z;null;null
2020-05-25T10:49:30.000Z;null;null
2020-05-25T10:49:45.000Z;null;null
2020-05-25T10:50:00.000Z;39;1000
2020-05-25T10:50:15.000Z;null;null
2020-05-25T10:50:30.000Z;null;null
2020-05-25T10:50:45.000Z;null;null
2020-05-25T10:51:00.000Z;55;1900
2020-05-25T10:51:15.000Z;null;null
2020-05-25T10:51:30.000Z;null;null
2020-05-25T10:51:45.000Z;null;null
2020-05-25T10:52:00.000Z;59;900
2020-05-25T10:52:15.000Z;null;null
2020-05-25T10:52:30.000Z;null;null
2020-05-25T10:52:45.000Z;null;null
2020-05-25T10:53:00.000Z;51;1700
2020-05-25T10:53:15.000Z;null;null
2020-05-25T10:53:30.000Z;null;null
2020-05-25T10:53:45.000Z;null;null
2020-05-25T10:54:00.000Z;70;800
2020-05-25T10:54:15.000Z;null;null
2020-05-25T10:54:30.000Z;null;null
2020-05-25T10:54:45.000Z;null;null
2020-05-25T10:55:00.000Z;35;1500
2020-05-25T10:55:15.000Z;null;null
2020-05-25T10:55:30.000Z;null;null
2020-05-25T10:55:45.000Z;null;null
2020-05-25T10:56:00.000Z;49;700
2020-05-25T10:56:15.000Z;null;null
2020-05-25T10:56:30.000Z;null;null
2020-05-25T10:56:45.000Z;null;null
2020-05-25T10:57:00.000Z;35;600
2020-05-25T10:57:15.000Z;null;null
2020-05-25T10:57:30.000Z;null;null
2020-05-25T10:57:45.000Z;null;null
2020-05-25T10:58:00.000Z;44;1100
2020-05-25T10:58:15.000Z;null;null
2020-05-25T10:58:30.000Z;null;null
2020-05-25T10:58:45.000Z;null;null
2020-05-25T10:59:00.000Z;50;500
2020-05-25T10:59:15.000Z;null;null
2020-05-25T10:59:30.000Z;null;null
2020-05-25T10:59:45.000Z;null;null
2020-05-25T11:00:00.000Z;55;900
2020-05-25T11:00:15.000Z;null;null
2020-05-25T11:00:30.000Z;null;null
2020-05-25T11:00:45.000Z;null;null
2020-05-25T11:01:00.000Z;39;400
2020-05-25T11:01:15.000Z;null;null
2020-05-25T11:01:30.000Z;null;null
2020-05-25T11:01:45.000Z;null;null
2020-05-25T11:02:00.000Z;29;700
2020-05-25T11:02:15.000Z;null;null
2020-05-25T11:02:30.000Z;null;null
2020-05-25T11:02:45.000Z;null;null
2020-05-25T11:03:00.000Z;40;300
2020-05-25T11:03:15.000Z;null;null
2020-05-25T11:03:30.000Z;null;null
2020-05-25T11:03:45.000Z;null;null
2020-05-25T11:04:00.000Z;32;500
2020-05-25T11:04:15.000Z;null;null
2020-05-25T11:04:30.000Z;null;null
2020-05-25T11:04:45.000Z;null;null
2020-05-25T11:05:00.000Z;34;200
2020-05-25T11:05:15.000Z;null;null
2020-05-25T11:05:30.000Z;null;null
2020-05-25T11:05:45.000Z;null;null
2020-05-25T11:06:00.000Z;32;300
2020-05-25T11:06:15.000Z;null;null
2020-05-25T11:06:30.000Z;null;null
2020-05-25T11:06:45.000Z;null;null
2020-05-25T11:07:00.000Z;42;100
2020-05-25T11:07:15.000Z;null;null
2020-05-25T11:07:30.000Z;null;null
2020-05-25T11:07:45.000Z;null;null
2020-05-25T11:08:00.000Z;38;0
2020-05-25T11:08:15.000Z;null;null
2020-05-25T11:08:30.000Z;null;null
2020-05-25T11:08:45.000Z;null;null
2020-05-25T11:09:00.000Z;9;0
2020-05-25T11:09:15.000Z;null;null
2020-05-25T11:09:30.000Z;null;null
2020-05-25T11:09:45.000Z;null;null
2020-05-25T11:10:00.000Z;3;0
2020-05-25T11:10:15.000Z;null;null
2020-05-25T11:10:30.000Z;null;null
2020-05-25T11:10:45.000Z;null;null
2020-05-25T11:11:00.000Z;3;0
2020-05-25T11:11:15.000Z;null;null
2020-05-25T11:11:30.000Z;null;null
2020-05-25T11:11:45.000Z;null;null
2020-05-25T11:12:00.000Z;null;0
2020-05-25T11:12:15.000Z;null;null
2020-05-25T11:12:30.000Z;null;null
2020-05-25T11:12:45.000Z;null;null
2020-05-25T11:13:00.000Z;null;1300
2020-05-25T11:13:15.000Z;null;null
2020-05-25T11:13:30.000Z;null;null
2020-05-25T11:13:45.000Z;null;null
2020-05-25T11:14:00.000Z;2;1300
2020-05-25T11:14:15.000Z;null;null
2020-05-25T11:14:30.000Z;null;null
2020-05-25T11:14:45.000Z;null;null
2020-05-25T11:15:00.000Z;2;1300
2020-05-25T11:15:15.000Z;null;null
2020-05-25T11:15:30.000Z;null;null
2020-05-25T11:15:45.000Z;null;null
2020-05-25T11:16:00.000Z;3;1300
2020-05-25T11:16:15.000Z;null;null
2020-05-25T11:16:30.000Z;null;null
2020-05-25T11:16:45.000Z;null;null
2020-05-25T11:17:00.000Z;4;1300
2020-05-25T11:17:15.000Z;null;null
2020-05-25T11:17:30.000Z;null;null
2020-05-25T11:17:45.000Z;null;null
2020-05-25T11:18:00.000Z;2;1300
2020-05-25T11:18:15.000Z;null;null
2020-05-25T11:18:30.000Z;null;null
2020-05-25T11:18:45.000Z;null;null
2020-05-25T11:19:00.000Z;2;1300
2020-05-25T11:19:15.000Z;null;null
2020-05-25T11:19:30.000Z;null;null
2020-05-25T11:19:45.000Z;null;null
2020-05-25T11:20:00.000Z;1;1300
2020-05-25T11:20:15.000Z;null;null
2020-05-25T11:20:30.000Z;null;null
2020-05-25T11:20:45.000Z;null;null
2020-05-25T11:21:00.000Z;204;1300
2020-05-25T11:21:15.000Z;null;null
2020-05-25T11:21:30.000Z;null;null
2020-05-25T11:21:45.000Z;null;null
2020-05-25T11:22:00.000Z;4;1300
2020-05-25T11:22:15.000Z;null;null
2020-05-25T11:22:30.000Z;null;null
2020-05-25T11:22:45.000Z;null;null
2020-05-25T11:23:00.000Z;101;1300
2020-05-25T11:23:15.000Z;null;null
2020-05-25T11:23:30.000Z;null;null
2020-05-25T11:23:45.000Z;null;null
2020-05-25T11:24:00.000Z;54;2500
2020-05-25T11:24:15.000Z;null;null
2020-05-25T11:24:30.000Z;null;null
2020-05-25T11:24:45.000Z;null;null
2020-05-25T11:25:00.000Z;75;1200
2020-05-25T11:25:15.000Z;null;null
2020-05-25T11:25:30.000Z;null;null
2020-05-25T11:25:45.000Z;null;null
2020-05-25T11:26:00.000Z;54;2300
2020-05-25T11:26:15.000Z;null;null
2020-05-25T11:26:30.000Z;null;null
2020-05-25T11:26:45.000Z;null;null
2020-05-25T11:27:00.000Z;58;1100
2020-05-25T11:27:15.000Z;null;null
2020-05-25T11:27:30.000Z;null;null
2020-05-25T11:27:45.000Z;null;null
2020-05-25T11:28:00.000Z;42;2100
2020-05-25T11:28:15.000Z;null;null
2020-05-25T11:28:30.000Z;null;null
2020-05-25T11:28:45.000Z;null;null
2020-05-25T11:29:00.000Z;49;1000
2020-05-25T11:29:15.000Z;null;null
2020-05-25T11:29:30.000Z;null;null
2020-05-25T11:29:45.000Z;null;null
2020-05-25T11:30:00.000Z;53;900
2020-05-25T11:30:15.000Z;null;null
2020-05-25T11:30:30.000Z;null;null
2020-05-25T11:30:45.000Z;null;null
2020-05-25T11:31:00.000Z;35;1700
2020-05-25T11:31:15.000Z;null;null
2020-05-25T11:31:30.000Z;null;null
2020-05-25T11:31:45.000Z;null;null
2020-05-25T11:32:00.000Z;69;800
2020-05-25T11:32:15.000Z;null;null
2020-05-25T11:32:30.000Z;null;null
2020-05-25T11:32:45.000Z;null;null
2020-05-25T11:33:00.000Z;36;1500
2020-05-25T11:33:15.000Z;null;null
2020-05-25T11:33:30.000Z;null;null
2020-05-25T11:33:45.000Z;null;null
2020-05-25T11:34:00.000Z;42;700
2020-05-25T11:34:15.000Z;null;null
2020-05-25T11:34:30.000Z;null;null
2020-05-25T11:34:45.000Z;null;null
2020-05-25T11:35:00.000Z;33;600
2020-05-25T11:35:15.000Z;null;null
2020-05-25T11:35:30.000Z;null;null
2020-05-25T11:35:45.000Z;null;null
2020-05-25T11:36:00.000Z;47;1100
2020-05-25T11:36:15.000Z;null;null
2020-05-25T11:36:30.000Z;null;null
2020-05-25T11:36:45.000Z;null;null
2020-05-25T11:37:00.000Z;35;500
2020-05-25T11:37:15.000Z;null;null
2020-05-25T11:37:30.000Z;null;null
2020-05-25T11:37:45.000Z;null;null
2020-05-25T11:38:00.000Z;67;900
2020-05-25T11:38:15.000Z;null;null
2020-05-25T11:38:30.000Z;null;null
2020-05-25T11:38:45.000Z;null;null
2020-05-25T11:39:00.000Z;45;400
2020-05-25T11:39:15.000Z;null;null
2020-05-25T11:39:30.000Z;null;null
2020-05-25T11:39:45.000Z;null;null
2020-05-25T11:40:00.000Z;31;700
2020-05-25T11:40:15.000Z;null;null
2020-05-25T11:40:30.000Z;null;null
2020-05-25T11:40:45.000Z;null;null
2020-05-25T11:41:00.000Z;41;300
2020-05-25T11:41:15.000Z;null;null
2020-05-25T11:41:30.000Z;null;null
2020-05-25T11:41:45.000Z;null;null
2020-05-25T11:42:00.000Z;33;500
2020-05-25T11:42:15.000Z;null;null
2020-05-25T11:42:30.000Z;null;null
2020-05-25T11:42:45.000Z;null;null
2020-05-25T11:43:00.000Z;34;200
2020-05-25T11:43:15.000Z;null;null
2020-05-25T11:43:30.000Z;null;null
2020-05-25T11:43:45.000Z;null;null
2020-05-25T11:44:00.000Z;30;300
2020-05-25T11:44:15.000Z;null;null
2020-05-25T11:44:30.000Z;null;null
2020-05-25T11:44:45.000Z;null;null
2020-05-25T11:45:00.000Z;37;100
2020-05-25T11:45:15.000Z;null;null
2020-05-25T11:45:30.000Z;null;null
2020-05-25T11:45:45.000Z;null;null
2020-05-25T11:46:00.000Z;35;0
2020-05-25T11:46:15.000Z;null;null
2020-05-25T11:46:30.000Z;null;null
2020-05-25T11:46:45.000Z;null;null
2020-05-25T11:47:00.000Z;5;0
2020-05-25T11:47:15.000Z;null;null
2020-05-25T11:47:30.000Z;null;null
2020-05-25T11:47:45.000Z;null;null
2020-05-25T11:48:00.000Z;3;0
2020-05-25T11:48:15.000Z;null;null
2020-05-25T11:48:30.000Z;null;null
2020-05-25T11:48:45.000Z;null;null
2020-05-25T11:49:00.000Z;2;0
2020-05-25T11:49:15.000Z;null;null
2020-05-25T11:49:30.000Z;null;null
2020-05-25T11:49:45.000Z;null;null
2020-05-25T11:50:00.000Z;null;0
2020-05-25T11:50:15.000Z;null;null
2020-05-25T11:50:30.000Z;null;null
2020-05-25T11:50:45.000Z;null;null
2020-05-25T11:51:00.000Z;null;1300
2020-05-25T11:51:15.000Z;null;null
2020-05-25T11:51:30.000Z;null;null
2020-05-25T11:51:45.000Z;null;null
2020-05-25T11:52:00.000Z;2;1300
2020-05-25T11:52:15.000Z;null;null
2020-05-25T11:52:30.000Z;null;null
2020-05-25T11:52:45.000Z;null;null
2020-05-25T11:53:00.000Z;2;1300
2020-05-25T11:53:15.000Z;null;null
2020-05-25T11:53:30.000Z;null;null
2020-05-25T11:53:45.000Z;null;null
2020-05-25T11:54:00.000Z;3;1300
2020-05-25T11:54:15.000Z;null;null
2020-05-25T11:54:30.000Z;null;null
2020-05-25T11:54:45.000Z;null;null
2020-05-25T11:55:00.000Z;2;1300
2020-05-25T11:55:15.000Z;null;null
2020-05-25T11:55:30.000Z;null;null
2020-05-25T11:55:45.000Z;null;null
2020-05-25T11:56:00.000Z;2;1300
2020-05-25T11:56:15.000Z;null;null
2020-05-25T11:56:30.000Z;null;null
2020-05-25T11:56:45.000Z;null;null
2020-05-25T11:57:00.000Z;1;1300
2020-05-25T11:57:15.000Z;null;null
2020-05-25T11:57:30.000Z;null;null
2020-05-25T11:57:45.000Z;null;null
2020-05-25T11:58:00.000Z;55;1300
2020-05-25T11:58:15.000Z;null;null
2020-05-25T11:58:30.000Z;null;null
2020-05-25T11:58:45.000Z;null;null
2020-05-25T11:59:00.000Z;102;1300
2020-05-25T11:59:15.000Z;null;null
2020-05-25T11:59:30.000Z;null;null
2020-05-25T11:59:45.000Z;null;null
2020-05-25T12:00:00.000Z;5;1300
2020-05-25T12:00:15.000Z;null;null
2020-05-25T12:00:30.000Z;null;null
2020-05-25T12:00:45.000Z;null;null
2020-05-25T12:01:00.000Z;96;1300
2020-05-25T12:01:15.000Z;null;null
2020-05-25T12:01:30.000Z;null;null
2020-05-25T12:01:45.000Z;null;null
2020-05-25T12:02:00.000Z;49;2500
2020-05-25T12:02:15.000Z;null;null
2020-05-25T12:02:30.000Z;null;null
2020-05-25T12:02:45.000Z;null;null
2020-05-25T12:03:00.000Z;82;1200
2020-05-25T12:03:15.000Z;null;null
2020-05-25T12:03:30.000Z;null;null
2020-05-25T12:03:45.000Z;null;null
2020-05-25T12:04:00.000Z;47;2300
2020-05-25T12:04:15.000Z;null;null
2020-05-25T12:04:30.000Z;null;null
2020-05-25T12:04:45.000Z;null;null
2020-05-25T12:05:00.000Z;64;1100
2020-05-25T12:05:15.000Z;null;null
2020-05-25T12:05:30.000Z;null;null
2020-05-25T12:05:45.000Z;null;null
2020-05-25T12:06:00.000Z;40;1000
2020-05-25T12:06:15.000Z;null;null
2020-05-25T12:06:30.000Z;null;null
2020-05-25T12:06:45.000Z;null;null
2020-05-25T12:07:00.000Z;60;1000
2020-05-25T12:07:15.000Z;null;null
2020-05-25T12:07:30.000Z;null;null
2020-05-25T12:07:45.000Z;null;null
2020-05-25T12:08:00.000Z;40;900
2020-05-25T12:08:15.000Z;null;null
2020-05-25T12:08:30.000Z;null;null
2020-05-25T12:08:45.000Z;null;null
2020-05-25T12:09:00.000Z;55;1700
2020-05-25T12:09:15.000Z;null;null
2020-05-25T12:09:30.000Z;null;null
2020-05-25T12:09:45.000Z;null;null
2020-05-25T12:10:00.000Z;62;800
2020-05-25T12:10:15.000Z;null;null
2020-05-25T12:10:30.000Z;null;null
2020-05-25T12:10:45.000Z;null;null
2020-05-25T12:11:00.000Z;40;1500
2020-05-25T12:11:15.000Z;null;null
2020-05-25T12:11:30.000Z;null;null
2020-05-25T12:11:45.000Z;null;null
2020-05-25T12:12:00.000Z;51;700
2020-05-25T12:12:15.000Z;null;null
2020-05-25T12:12:30.000Z;null;null
2020-05-25T12:12:45.000Z;null;null
2020-05-25T12:13:00.000Z;36;600
2020-05-25T12:13:15.000Z;null;null
2020-05-25T12:13:30.000Z;null;null
2020-05-25T12:13:45.000Z;null;null
2020-05-25T12:14:00.000Z;48;600
2020-05-25T12:14:15.000Z;null;null
2020-05-25T12:14:30.000Z;null;null
2020-05-25T12:14:45.000Z;null;null
2020-05-25T12:15:00.000Z;47;500
2020-05-25T12:15:15.000Z;null;null
2020-05-25T12:15:30.000Z;null;null
2020-05-25T12:15:45.000Z;null;null
2020-05-25T12:16:00.000Z;52;900
2020-05-25T12:16:15.000Z;null;null
2020-05-25T12:16:30.000Z;null;null
2020-05-25T12:16:45.000Z;null;null
2020-05-25T12:17:00.000Z;40;400
2020-05-25T12:17:15.000Z;null;null
2020-05-25T12:17:30.000Z;null;null
2020-05-25T12:17:45.000Z;null;null
2020-05-25T12:18:00.000Z;32;700
2020-05-25T12:18:15.000Z;null;null
2020-05-25T12:18:30.000Z;null;null
2020-05-25T12:18:45.000Z;null;null
2020-05-25T12:19:00.000Z;45;300
2020-05-25T12:19:15.000Z;null;null
2020-05-25T12:19:30.000Z;null;null
2020-05-25T12:19:45.000Z;null;null
2020-05-25T12:20:00.000Z;36;500
2020-05-25T12:20:15.000Z;null;null
2020-05-25T12:20:30.000Z;null;null
2020-05-25T12:20:45.000Z;null;null
2020-05-25T12:21:00.000Z;34;200
2020-05-25T12:21:15.000Z;null;null
2020-05-25T12:21:30.000Z;null;null
2020-05-25T12:21:45.000Z;null;null
2020-05-25T12:22:00.000Z;31;300
2020-05-25T12:22:15.000Z;null;null
2020-05-25T12:22:30.000Z;null;null
2020-05-25T12:22:45.000Z;null;null
2020-05-25T12:23:00.000Z;36;100
2020-05-25T12:23:15.000Z;null;null
2020-05-25T12:23:30.000Z;null;null
2020-05-25T12:23:45.000Z;null;null
2020-05-25T12:24:00.000Z;38;0
2020-05-25T12:24:15.000Z;null;null
2020-05-25T12:24:30.000Z;null;null
2020-05-25T12:24:45.000Z;null;null
2020-05-25T12:25:00.000Z;8;0
2020-05-25T12:25:15.000Z;null;null
2020-05-25T12:25:30.000Z;null;null
2020-05-25T12:25:45.000Z;null;null
2020-05-25T12:26:00.000Z;3;0
2020-05-25T12:26:15.000Z;null;null
2020-05-25T12:26:30.000Z;null;null
2020-05-25T12:26:45.000Z;null;null
2020-05-25T12:27:00.000Z;3;0
2020-05-25T12:27:15.000Z;null;null
2020-05-25T12:27:30.000Z;null;null
2020-05-25T12:27:45.000Z;null;null
2020-05-25T12:28:00.000Z;null;0
2020-05-25T12:28:15.000Z;null;null
2020-05-25T12:28:30.000Z;null;null
2020-05-25T12:28:45.000Z;null;null
2020-05-25T12:29:00.000Z;null;1300
2020-05-25T12:29:15.000Z;null;null
2020-05-25T12:29:30.000Z;null;null
2020-05-25T12:29:45.000Z;null;null
2020-05-25T12:30:00.000Z;2;1300
2020-05-25T12:30:15.000Z;null;null
2020-05-25T12:30:30.000Z;null;null
2020-05-25T12:30:45.000Z;null;null
2020-05-25T12:31:00.000Z;2;1300
2020-05-25T12:31:15.000Z;null;null
2020-05-25T12:31:30.000Z;null;null
2020-05-25T12:31:45.000Z;null;null
2020-05-25T12:32:00.000Z;2;1300
2020-05-25T12:32:15.000Z;null;null
2020-05-25T12:32:30.000Z;null;null
2020-05-25T12:32:45.000Z;null;null
2020-05-25T12:33:00.000Z;2;1300
2020-05-25T12:33:15.000Z;null;null
2020-05-25T12:33:30.000Z;null;null
2020-05-25T12:33:45.000Z;null;null
2020-05-25T12:34:00.000Z;2;1300
2020-05-25T12:34:15.000Z;null;null
2020-05-25T12:34:30.000Z;null;null
2020-05-25T12:34:45.000Z;null;null
2020-05-25T12:35:00.000Z;1;1300
2020-05-25T12:35:15.000Z;null;null
2020-05-25T12:35:30.000Z;null;null
2020-05-25T12:35:45.000Z;null;null
2020-05-25T12:36:00.000Z;1;1300
2020-05-25T12:36:15.000Z;null;null
2020-05-25T12:36:30.000Z;null;null
2020-05-25T12:36:45.000Z;null;null
2020-05-25T12:37:00.000Z;127;1300
2020-05-25T12:37:15.000Z;null;null
2020-05-25T12:37:30.000Z;null;null
2020-05-25T12:37:45.000Z;null;null
2020-05-25T12:38:00.000Z;3;1300
2020-05-25T12:38:15.000Z;null;null
2020-05-25T12:38:30.000Z;null;null
2020-05-25T12:38:45.000Z;null;null
2020-05-25T12:39:00.000Z;105;1300
2020-05-25T12:39:15.000Z;null;null
2020-05-25T12:39:30.000Z;null;null
2020-05-25T12:39:45.000Z;null;null
2020-05-25T12:40:00.000Z;58;2500
2020-05-25T12:40:15.000Z;null;null
2020-05-25T12:40:30.000Z;null;null
2020-05-25T12:40:45.000Z;null;null
2020-05-25T12:41:00.000Z;84;1200
2020-05-25T12:41:15.000Z;null;null
2020-05-25T12:41:30.000Z;null;null
2020-05-25T12:41:45.000Z;null;null
2020-05-25T12:42:00.000Z;43;2300
2020-05-25T12:42:15.000Z;null;null
2020-05-25T12:42:30.000Z;null;null
2020-05-25T12:42:45.000Z;null;null
2020-05-25T12:43:00.000Z;63;1100
2020-05-25T12:43:15.000Z;null;null
2020-05-25T12:43:30.000Z;null;null
2020-05-25T12:43:45.000Z;null;null
2020-05-25T12:44:00.000Z;39;1000
2020-05-25T12:44:15.000Z;null;null
2020-05-25T12:44:30.000Z;null;null
2020-05-25T12:44:45.000Z;null;null
2020-05-25T12:45:00.000Z;55;1000
2020-05-25T12:45:15.000Z;null;null
2020-05-25T12:45:30.000Z;null;null
2020-05-25T12:45:45.000Z;null;null
2020-05-25T12:46:00.000Z;34;900
2020-05-25T12:46:15.000Z;null;null
2020-05-25T12:46:30.000Z;null;null
2020-05-25T12:46:45.000Z;null;null
2020-05-25T12:47:00.000Z;58;1700
2020-05-25T12:47:15.000Z;null;null
2020-05-25T12:47:30.000Z;null;null
2020-05-25T12:47:45.000Z;null;null
2020-05-25T12:48:00.000Z;68;800
2020-05-25T12:48:15.000Z;null;null
2020-05-25T12:48:30.000Z;null;null
2020-05-25T12:48:45.000Z;null;null
2020-05-25T12:49:00.000Z;38;1500
2020-05-25T12:49:15.000Z;null;null
2020-05-25T12:49:30.000Z;null;null
2020-05-25T12:49:45.000Z;null;null
2020-05-25T12:50:00.000Z;34;700
2020-05-25T12:50:15.000Z;null;null
2020-05-25T12:50:30.000Z;null;null
2020-05-25T12:50:45.000Z;null;null
2020-05-25T12:51:00.000Z;13;700
2020-05-25T12:51:15.000Z;null;null
2020-05-25T12:51:30.000Z;null;null
2020-05-25T12:51:45.000Z;null;null
2020-05-25T12:52:00.000Z;null;700
2020-05-25T12:52:15.000Z;null;null
2020-05-25T12:52:30.000Z;null;null
2020-05-25T12:52:45.000Z;null;null
2020-05-25T12:53:00.000Z;3;1300
2020-05-25T12:53:15.000Z;null;null
2020-05-25T12:53:30.000Z;null;null
2020-05-25T12:53:45.000Z;null;null
2020-05-25T12:54:00.000Z;3;600
2020-05-25T12:54:15.000Z;null;null
2020-05-25T12:54:30.000Z;null;null
2020-05-25T12:54:45.000Z;null;null
2020-05-25T12:55:00.000Z;3;600
2020-05-25T12:55:15.000Z;null;null
2020-05-25T12:55:30.000Z;null;null
2020-05-25T12:55:45.000Z;null;null
2020-05-25T12:56:00.000Z;2;600
2020-05-25T12:56:15.000Z;null;null
2020-05-25T12:56:30.000Z;null;null
2020-05-25T12:56:45.000Z;null;null
2020-05-25T12:57:00.000Z;2;600
2020-05-25T12:57:15.000Z;null;null
2020-05-25T12:57:30.000Z;null;null
2020-05-25T12:57:45.000Z;null;null
2020-05-25T12:58:00.000Z;2;600
2020-05-25T12:58:15.000Z;null;null
2020-05-25T12:58:30.000Z;null;null
2020-05-25T12:58:45.000Z;null;null
2020-05-25T12:59:00.000Z;2;600
2020-05-25T12:59:15.000Z;null;null
2020-05-25T12:59:30.000Z;null;null
2020-05-25T12:59:45.000Z;null;null
2020-05-25T13:00:00.000Z;2;600
2020-05-25T13:00:15.000Z;null;null
2020-05-25T13:00:30.000Z;null;null
2020-05-25T13:00:45.000Z;null;null
2020-05-25T13:01:00.000Z;1;600
2020-05-25T13:01:15.000Z;null;null
2020-05-25T13:01:30.000Z;null;null
2020-05-25T13:01:45.000Z;null;null
2020-05-25T13:02:00.000Z;1;600
2020-05-25T13:02:15.000Z;null;null
2020-05-25T13:02:30.000Z;null;null
2020-05-25T13:02:45.000Z;null;null
2020-05-25T13:03:00.000Z;2;600
2020-05-25T13:03:15.000Z;null;null
2020-05-25T13:03:30.000Z;null;null
2020-05-25T13:03:45.000Z;null;null
2020-05-25T13:04:00.000Z;1;600
2020-05-25T13:04:15.000Z;null;null
2020-05-25T13:04:30.000Z;null;null
2020-05-25T13:04:45.000Z;null;null
2020-05-25T13:05:00.000Z;2;600
2020-05-25T13:05:15.000Z;null;null
2020-05-25T13:05:30.000Z;null;null
2020-05-25T13:05:45.000Z;null;null
2020-05-25T13:06:00.000Z;null;600
2020-05-25T13:06:15.000Z;null;null
2020-05-25T13:06:30.000Z;null;null
2020-05-25T13:06:45.000Z;null;null
2020-05-25T13:07:00.000Z;null;1300
2020-05-25T13:07:15.000Z;null;null
2020-05-25T13:07:30.000Z;null;null
2020-05-25T13:07:45.000Z;null;null
2020-05-25T13:08:00.000Z;2;1300
2020-05-25T13:08:15.000Z;null;null
2020-05-25T13:08:30.000Z;null;null
2020-05-25T13:08:45.000Z;null;null
2020-05-25T13:09:00.000Z;3;1300
2020-05-25T13:09:15.000Z;null;null
2020-05-25T13:09:30.000Z;null;null
2020-05-25T13:09:45.000Z;null;null
2020-05-25T13:10:00.000Z;2;1300
2020-05-25T13:10:15.000Z;null;null
2020-05-25T13:10:30.000Z;null;null
2020-05-25T13:10:45.000Z;null;null
2020-05-25T13:11:00.000Z;2;1300
2020-05-25T13:11:15.000Z;null;null
2020-05-25T13:11:30.000Z;null;null
2020-05-25T13:11:45.000Z;null;null
2020-05-25T13:12:00.000Z;2;1300
2020-05-25T13:12:15.000Z;null;null
2020-05-25T13:12:30.000Z;null;null
2020-05-25T13:12:45.000Z;null;null
2020-05-25T13:13:00.000Z;2;1300
2020-05-25T13:13:15.000Z;null;null
2020-05-25T13:13:30.000Z;null;null
2020-05-25T13:13:45.000Z;null;null
2020-05-25T13:14:00.000Z;57;1300
2020-05-25T13:14:15.000Z;null;null
2020-05-25T13:14:30.000Z;null;null
2020-05-25T13:14:45.000Z;null;null
2020-05-25T13:15:00.000Z;117;1300
2020-05-25T13:15:15.000Z;null;null
2020-05-25T13:15:30.000Z;null;null
2020-05-25T13:15:45.000Z;null;null
2020-05-25T13:16:00.000Z;4;1300
2020-05-25T13:16:15.000Z;null;null
2020-05-25T13:16:30.000Z;null;null
2020-05-25T13:16:45.000Z;null;null
2020-05-25T13:17:00.000Z;94;1300
2020-05-25T13:17:15.000Z;null;null
2020-05-25T13:17:30.000Z;null;null
2020-05-25T13:17:45.000Z;null;null
2020-05-25T13:18:00.000Z;49;2500
2020-05-25T13:18:15.000Z;null;null
2020-05-25T13:18:30.000Z;null;null
2020-05-25T13:18:45.000Z;null;null
2020-05-25T13:19:00.000Z;87;1200
2020-05-25T13:19:15.000Z;null;null
2020-05-25T13:19:30.000Z;null;null
2020-05-25T13:19:45.000Z;null;null
2020-05-25T13:20:00.000Z;55;2300
2020-05-25T13:20:15.000Z;null;null
2020-05-25T13:20:30.000Z;null;null
2020-05-25T13:20:45.000Z;null;null
2020-05-25T13:21:00.000Z;66;1100
2020-05-25T13:21:15.000Z;null;null
2020-05-25T13:21:30.000Z;null;null
2020-05-25T13:21:45.000Z;null;null
2020-05-25T13:22:00.000Z;38;1000
2020-05-25T13:22:15.000Z;null;null
2020-05-25T13:22:30.000Z;null;null
2020-05-25T13:22:45.000Z;null;null
2020-05-25T13:23:00.000Z;54;1900
2020-05-25T13:23:15.000Z;null;null
2020-05-25T13:23:30.000Z;null;null
2020-05-25T13:23:45.000Z;null;null
2020-05-25T13:24:00.000Z;66;900
2020-05-25T13:24:15.000Z;null;null
2020-05-25T13:24:30.000Z;null;null
2020-05-25T13:24:45.000Z;null;null
2020-05-25T13:25:00.000Z;50;1700
2020-05-25T13:25:15.000Z;null;null
2020-05-25T13:25:30.000Z;null;null
2020-05-25T13:25:45.000Z;null;null
2020-05-25T13:26:00.000Z;64;800
2020-05-25T13:26:15.000Z;null;null
2020-05-25T13:26:30.000Z;null;null
2020-05-25T13:26:45.000Z;null;null
2020-05-25T13:27:00.000Z;40;1500
2020-05-25T13:27:15.000Z;null;null
2020-05-25T13:27:30.000Z;null;null
2020-05-25T13:27:45.000Z;null;null
2020-05-25T13:28:00.000Z;45;700
2020-05-25T13:28:15.000Z;null;null
2020-05-25T13:28:30.000Z;null;null
2020-05-25T13:28:45.000Z;null;null
2020-05-25T13:29:00.000Z;36;1300
2020-05-25T13:29:15.000Z;null;null
2020-05-25T13:29:30.000Z;null;null
2020-05-25T13:29:45.000Z;null;null
2020-05-25T13:30:00.000Z;48;600
2020-05-25T13:30:15.000Z;null;null
2020-05-25T13:30:30.000Z;null;null
2020-05-25T13:30:45.000Z;null;null
2020-05-25T13:31:00.000Z;37;500
2020-05-25T13:31:15.000Z;null;null
2020-05-25T13:31:30.000Z;null;null
2020-05-25T13:31:45.000Z;null;null
2020-05-25T13:32:00.000Z;65;900
2020-05-25T13:32:15.000Z;null;null
2020-05-25T13:32:30.000Z;null;null
2020-05-25T13:32:45.000Z;null;null
2020-05-25T13:33:00.000Z;33;400
2020-05-25T13:33:15.000Z;null;null
2020-05-25T13:33:30.000Z;null;null
2020-05-25T13:33:45.000Z;null;null
2020-05-25T13:34:00.000Z;43;700
2020-05-25T13:34:15.000Z;null;null
2020-05-25T13:34:30.000Z;null;null
2020-05-25T13:34:45.000Z;null;null
2020-05-25T13:35:00.000Z;45;300
2020-05-25T13:35:15.000Z;null;null
2020-05-25T13:35:30.000Z;null;null
2020-05-25T13:35:45.000Z;null;null
2020-05-25T13:36:00.000Z;31;500
2020-05-25T13:36:15.000Z;null;null
2020-05-25T13:36:30.000Z;null;null
2020-05-25T13:36:45.000Z;null;null
2020-05-25T13:37:00.000Z;34;200
2020-05-25T13:37:15.000Z;null;null
2020-05-25T13:37:30.000Z;null;null
2020-05-25T13:37:45.000Z;null;null
2020-05-25T13:38:00.000Z;33;300
2020-05-25T13:38:15.000Z;null;null
2020-05-25T13:38:30.000Z;null;null
2020-05-25T13:38:45.000Z;null;null
2020-05-25T13:39:00.000Z;40;100
2020-05-25T13:39:15.000Z;null;null
2020-05-25T13:39:30.000Z;null;null
2020-05-25T13:39:45.000Z;null;null
2020-05-25T13:40:00.000Z;32;100
2020-05-25T13:40:15.000Z;null;null
2020-05-25T13:40:30.000Z;null;null
2020-05-25T13:40:45.000Z;null;null
2020-05-25T13:41:00.000Z;21;0
2020-05-25T13:41:15.000Z;null;null
2020-05-25T13:41:30.000Z;null;null
2020-05-25T13:41:45.000Z;null;null
2020-05-25T13:42:00.000Z;2;0
2020-05-25T13:42:15.000Z;null;null
2020-05-25T13:42:30.000Z;null;null
2020-05-25T13:42:45.000Z;null;null
2020-05-25T13:43:00.000Z;3;0
2020-05-25T13:43:15.000Z;null;null
2020-05-25T13:43:30.000Z;null;null
2020-05-25T13:43:45.000Z;null;null
2020-05-25T13:44:00.000Z;null;0
2020-05-25T13:44:15.000Z;null;null
2020-05-25T13:44:30.000Z;null;null
2020-05-25T13:44:45.000Z;null;null
2020-05-25T13:45:00.000Z;null;1300
2020-05-25T13:45:15.000Z;null;null
2020-05-25T13:45:30.000Z;null;null
2020-05-25T13:45:45.000Z;null;null
2020-05-25T13:46:00.000Z;2;1300
2020-05-25T13:46:15.000Z;null;null
2020-05-25T13:46:30.000Z;null;null
2020-05-25T13:46:45.000Z;null;null
2020-05-25T13:47:00.000Z;2;1300
2020-05-25T13:47:15.000Z;null;null
2020-05-25T13:47:30.000Z;null;null
2020-05-25T13:47:45.000Z;null;null
2020-05-25T13:48:00.000Z;2;1300
2020-05-25T13:48:15.000Z;null;null
2020-05-25T13:48:30.000Z;null;null
2020-05-25T13:48:45.000Z;null;null
2020-05-25T13:49:00.000Z;2;1300
2020-05-25T13:49:15.000Z;null;null
2020-05-25T13:49:30.000Z;null;null
2020-05-25T13:49:45.000Z;null;null
2020-05-25T13:50:00.000Z;2;1300
2020-05-25T13:50:15.000Z;null;null
2020-05-25T13:50:30.000Z;null;null
2020-05-25T13:50:45.000Z;null;null
2020-05-25T13:51:00.000Z;1;1300
2020-05-25T13:51:15.000Z;null;null
2020-05-25T13:51:30.000Z;null;null
2020-05-25T13:51:45.000Z;null;null
2020-05-25T13:52:00.000Z;174;1300
2020-05-25T13:52:15.000Z;null;null
2020-05-25T13:52:30.000Z;null;null
2020-05-25T13:52:45.000Z;null;null
2020-05-25T13:53:00.000Z;5;1300
2020-05-25T13:53:15.000Z;null;null
2020-05-25T13:53:30.000Z;null;null
2020-05-25T13:53:45.000Z;null;null
2020-05-25T13:54:00.000Z;3;1300
2020-05-25T13:54:15.000Z;null;null
2020-05-25T13:54:30.000Z;null;null
2020-05-25T13:54:45.000Z;null;null
2020-05-25T13:55:00.000Z;123;1300
2020-05-25T13:55:15.000Z;null;null
2020-05-25T13:55:30.000Z;null;null
2020-05-25T13:55:45.000Z;null;null
2020-05-25T13:56:00.000Z;56;1200
2020-05-25T13:56:15.000Z;null;null
2020-05-25T13:56:30.000Z;null;null
2020-05-25T13:56:45.000Z;null;null
2020-05-25T13:57:00.000Z;82;1200
2020-05-25T13:57:15.000Z;null;null
2020-05-25T13:57:30.000Z;null;null
2020-05-25T13:57:45.000Z;null;null
2020-05-25T13:58:00.000Z;47;1100
2020-05-25T13:58:15.000Z;null;null
2020-05-25T13:58:30.000Z;null;null
2020-05-25T13:58:45.000Z;null;null
2020-05-25T13:59:00.000Z;63;2100
2020-05-25T13:59:15.000Z;null;null
2020-05-25T13:59:30.000Z;null;null
2020-05-25T13:59:45.000Z;null;null
2020-05-25T14:00:00.000Z;61;1000
2020-05-25T14:00:15.000Z;null;null
2020-05-25T14:00:30.000Z;null;null
2020-05-25T14:00:45.000Z;null;null
2020-05-25T14:01:00.000Z;37;1900
2020-05-25T14:01:15.000Z;null;null
2020-05-25T14:01:30.000Z;null;null
2020-05-25T14:01:45.000Z;null;null
2020-05-25T14:02:00.000Z;80;900
2020-05-25T14:02:15.000Z;null;null
2020-05-25T14:02:30.000Z;null;null
2020-05-25T14:02:45.000Z;null;null
2020-05-25T14:03:00.000Z;37;1700
2020-05-25T14:03:15.000Z;null;null
2020-05-25T14:03:30.000Z;null;null
2020-05-25T14:03:45.000Z;null;null
2020-05-25T14:04:00.000Z;62;800
2020-05-25T14:04:15.000Z;null;null
2020-05-25T14:04:30.000Z;null;null
2020-05-25T14:04:45.000Z;null;null
2020-05-25T14:05:00.000Z;33;700
2020-05-25T14:05:15.000Z;null;null
2020-05-25T14:05:30.000Z;null;null
2020-05-25T14:05:45.000Z;null;null
2020-05-25T14:06:00.000Z;45;1300
2020-05-25T14:06:15.000Z;null;null
2020-05-25T14:06:30.000Z;null;null
2020-05-25T14:06:45.000Z;null;null
2020-05-25T14:07:00.000Z;34;600
2020-05-25T14:07:15.000Z;null;null
2020-05-25T14:07:30.000Z;null;null
2020-05-25T14:07:45.000Z;null;null
2020-05-25T14:08:00.000Z;47;1100
2020-05-25T14:08:15.000Z;null;null
2020-05-25T14:08:30.000Z;null;null
2020-05-25T14:08:45.000Z;null;null
2020-05-25T14:09:00.000Z;63;500
2020-05-25T14:09:15.000Z;null;null
2020-05-25T14:09:30.000Z;null;null
2020-05-25T14:09:45.000Z;null;null
2020-05-25T14:10:00.000Z;34;900
2020-05-25T14:10:15.000Z;null;null
2020-05-25T14:10:30.000Z;null;null
2020-05-25T14:10:45.000Z;null;null
2020-05-25T14:11:00.000Z;41;400
2020-05-25T14:11:15.000Z;null;null
2020-05-25T14:11:30.000Z;null;null
2020-05-25T14:11:45.000Z;null;null
2020-05-25T14:12:00.000Z;34;300
2020-05-25T14:12:15.000Z;null;null
2020-05-25T14:12:30.000Z;null;null
2020-05-25T14:12:45.000Z;null;null
2020-05-25T14:13:00.000Z;39;500
2020-05-25T14:13:15.000Z;null;null
2020-05-25T14:13:30.000Z;null;null
2020-05-25T14:13:45.000Z;null;null
2020-05-25T14:14:00.000Z;36;200
2020-05-25T14:14:15.000Z;null;null
2020-05-25T14:14:30.000Z;null;null
2020-05-25T14:14:45.000Z;null;null
2020-05-25T14:15:00.000Z;32;300
2020-05-25T14:15:15.000Z;null;null
2020-05-25T14:15:30.000Z;null;null
2020-05-25T14:15:45.000Z;null;null
2020-05-25T14:16:00.000Z;34;100
2020-05-25T14:16:15.000Z;null;null
2020-05-25T14:16:30.000Z;null;null
2020-05-25T14:16:45.000Z;null;null
2020-05-25T14:17:00.000Z;34;100
2020-05-25T14:17:15.000Z;null;null
2020-05-25T14:17:30.000Z;null;null
2020-05-25T14:17:45.000Z;null;null
2020-05-25T14:18:00.000Z;27;0
2020-05-25T14:18:15.000Z;null;null
2020-05-25T14:18:30.000Z;null;null
2020-05-25T14:18:45.000Z;null;null
2020-05-25T14:19:00.000Z;5;0
2020-05-25T14:19:15.000Z;null;null
2020-05-25T14:19:30.000Z;null;null
2020-05-25T14:19:45.000Z;null;null
2020-05-25T14:20:00.000Z;4;0
2020-05-25T14:20:15.000Z;null;null
2020-05-25T14:20:30.000Z;null;null
2020-05-25T14:20:45.000Z;null;null
2020-05-25T14:21:00.000Z;3;0
2020-05-25T14:21:15.000Z;null;null
2020-05-25T14:21:30.000Z;null;null
2020-05-25T14:21:45.000Z;null;null
2020-05-25T14:22:00.000Z;null;0
2020-05-25T14:22:15.000Z;null;null
2020-05-25T14:22:30.000Z;null;null
2020-05-25T14:22:45.000Z;null;null
2020-05-25T14:23:00.000Z;null;1300
2020-05-25T14:23:15.000Z;null;null
2020-05-25T14:23:30.000Z;null;null
2020-05-25T14:23:45.000Z;null;null
2020-05-25T14:24:00.000Z;2;1300
2020-05-25T14:24:15.000Z;null;null
2020-05-25T14:24:30.000Z;null;null
2020-05-25T14:24:45.000Z;null;null
2020-05-25T14:25:00.000Z;2;1300
2020-05-25T14:25:15.000Z;null;null
2020-05-25T14:25:30.000Z;null;null
2020-05-25T14:25:45.000Z;null;null
2020-05-25T14:26:00.000Z;2;1300
2020-05-25T14:26:15.000Z;null;null
2020-05-25T14:26:30.000Z;null;null
2020-05-25T14:26:45.000Z;null;null
2020-05-25T14:27:00.000Z;2;1300
2020-05-25T14:27:15.000Z;null;null
2020-05-25T14:27:30.000Z;null;null
2020-05-25T14:27:45.000Z;null;null
2020-05-25T14:28:00.000Z;1;1300
2020-05-25T14:28:15.000Z;null;null
2020-05-25T14:28:30.000Z;null;null
2020-05-25T14:28:45.000Z;null;null
2020-05-25T14:29:00.000Z;1;1300
2020-05-25T14:29:15.000Z;null;null
2020-05-25T14:29:30.000Z;null;null
2020-05-25T14:29:45.000Z;null;null
2020-05-25T14:30:00.000Z;155;1300
2020-05-25T14:30:15.000Z;null;null
2020-05-25T14:30:30.000Z;null;null
2020-05-25T14:30:45.000Z;null;null
2020-05-25T14:31:00.000Z;5;1300
2020-05-25T14:31:15.000Z;null;null
2020-05-25T14:31:30.000Z;null;null
2020-05-25T14:31:45.000Z;null;null
2020-05-25T14:32:00.000Z;3;1300
2020-05-25T14:32:15.000Z;null;null
2020-05-25T14:32:30.000Z;null;null
2020-05-25T14:32:45.000Z;null;null
2020-05-25T14:33:00.000Z;110;1300
2020-05-25T14:33:15.000Z;null;null
2020-05-25T14:33:30.000Z;null;null
2020-05-25T14:33:45.000Z;null;null
2020-05-25T14:34:00.000Z;54;2500
2020-05-25T14:34:15.000Z;null;null
2020-05-25T14:34:30.000Z;null;null
2020-05-25T14:34:45.000Z;null;null
2020-05-25T14:35:00.000Z;84;1200
2020-05-25T14:35:15.000Z;null;null
2020-05-25T14:35:30.000Z;null;null
2020-05-25T14:35:45.000Z;null;null
2020-05-25T14:36:00.000Z;42;2300
2020-05-25T14:36:15.000Z;null;null
2020-05-25T14:36:30.000Z;null;null
2020-05-25T14:36:45.000Z;null;null
2020-05-25T14:37:00.000Z;62;1100
2020-05-25T14:37:15.000Z;null;null
2020-05-25T14:37:30.000Z;null;null
2020-05-25T14:37:45.000Z;null;null
2020-05-25T14:38:00.000Z;53;1000
2020-05-25T14:38:15.000Z;null;null
2020-05-25T14:38:30.000Z;null;null
2020-05-25T14:38:45.000Z;null;null
2020-05-25T14:39:00.000Z;38;1900
2020-05-25T14:39:15.000Z;null;null
2020-05-25T14:39:30.000Z;null;null
2020-05-25T14:39:45.000Z;null;null
2020-05-25T14:40:00.000Z;49;900
2020-05-25T14:40:15.000Z;null;null
2020-05-25T14:40:30.000Z;null;null
2020-05-25T14:40:45.000Z;null;null
2020-05-25T14:41:00.000Z;66;1700
2020-05-25T14:41:15.000Z;null;null
2020-05-25T14:41:30.000Z;null;null
2020-05-25T14:41:45.000Z;null;null
2020-05-25T14:42:00.000Z;43;800
2020-05-25T14:42:15.000Z;null;null
2020-05-25T14:42:30.000Z;null;null
2020-05-25T14:42:45.000Z;null;null
2020-05-25T14:43:00.000Z;37;1500
2020-05-25T14:43:15.000Z;null;null
2020-05-25T14:43:30.000Z;null;null
2020-05-25T14:43:45.000Z;null;null
2020-05-25T14:44:00.000Z;42;700
2020-05-25T14:44:15.000Z;null;null
2020-05-25T14:44:30.000Z;null;null
2020-05-25T14:44:45.000Z;null;null
2020-05-25T14:45:00.000Z;34;1300
2020-05-25T14:45:15.000Z;null;null
2020-05-25T14:45:30.000Z;null;null
2020-05-25T14:45:45.000Z;null;null
2020-05-25T14:46:00.000Z;48;600
2020-05-25T14:46:15.000Z;null;null
2020-05-25T14:46:30.000Z;null;null
2020-05-25T14:46:45.000Z;null;null
2020-05-25T14:47:00.000Z;39;500
2020-05-25T14:47:15.000Z;null;null
2020-05-25T14:47:30.000Z;null;null
2020-05-25T14:47:45.000Z;null;null
2020-05-25T14:48:00.000Z;66;900
2020-05-25T14:48:15.000Z;null;null
2020-05-25T14:48:30.000Z;null;null
2020-05-25T14:48:45.000Z;null;null
2020-05-25T14:49:00.000Z;30;400
2020-05-25T14:49:15.000Z;null;null
2020-05-25T14:49:30.000Z;null;null
2020-05-25T14:49:45.000Z;null;null
2020-05-25T14:50:00.000Z;39;700
2020-05-25T14:50:15.000Z;null;null
2020-05-25T14:50:30.000Z;null;null
2020-05-25T14:50:45.000Z;null;null
2020-05-25T14:51:00.000Z;39;300
2020-05-25T14:51:15.000Z;null;null
2020-05-25T14:51:30.000Z;null;null
2020-05-25T14:51:45.000Z;null;null
2020-05-25T14:52:00.000Z;30;500
2020-05-25T14:52:15.000Z;null;null
2020-05-25T14:52:30.000Z;null;null
2020-05-25T14:52:45.000Z;null;null
2020-05-25T14:53:00.000Z;32;200
2020-05-25T14:53:15.000Z;null;null
2020-05-25T14:53:30.000Z;null;null
2020-05-25T14:53:45.000Z;null;null
2020-05-25T14:54:00.000Z;32;300
2020-05-25T14:54:15.000Z;null;null
2020-05-25T14:54:30.000Z;null;null
2020-05-25T14:54:45.000Z;null;null
2020-05-25T14:55:00.000Z;40;100
2020-05-25T14:55:15.000Z;null;null
2020-05-25T14:55:30.000Z;null;null
2020-05-25T14:55:45.000Z;null;null
2020-05-25T14:56:00.000Z;38;0
2020-05-25T14:56:15.000Z;null;null
2020-05-25T14:56:30.000Z;null;null
2020-05-25T14:56:45.000Z;null;null
2020-05-25T14:57:00.000Z;9;0
2020-05-25T14:57:15.000Z;null;null
2020-05-25T14:57:30.000Z;null;null
2020-05-25T14:57:45.000Z;null;null
2020-05-25T14:58:00.000Z;3;0
2020-05-25T14:58:15.000Z;null;null
2020-05-25T14:58:30.000Z;null;null
2020-05-25T14:58:45.000Z;null;null
2020-05-25T14:59:00.000Z;3;0
2020-05-25T14:59:15.000Z;null;null
2020-05-25T14:59:30.000Z;null;null
2020-05-25T14:59:45.000Z;null;null
2020-05-25T15:00:00.000Z;null;0
2020-05-25T15:00:15.000Z;null;null
2020-05-25T15:00:30.000Z;null;null
2020-05-25T15:00:45.000Z;null;null
2020-05-25T15:01:00.000Z;null;1300
2020-05-25T15:01:15.000Z;null;null
2020-05-25T15:01:30.000Z;null;null
2020-05-25T15:01:45.000Z;null;null
2020-05-25T15:02:00.000Z;2;1300
2020-05-25T15:02:15.000Z;null;null
2020-05-25T15:02:30.000Z;null;null
2020-05-25T15:02:45.000Z;null;null
2020-05-25T15:03:00.000Z;2;1300
2020-05-25T15:03:15.000Z;null;null
2020-05-25T15:03:30.000Z;null;null
2020-05-25T15:03:45.000Z;null;null
2020-05-25T15:04:00.000Z;2;1300
2020-05-25T15:04:15.000Z;null;null
2020-05-25T15:04:30.000Z;null;null
2020-05-25T15:04:45.000Z;null;null
2020-05-25T15:05:00.000Z;2;1300
2020-05-25T15:05:15.000Z;null;null
2020-05-25T15:05:30.000Z;null;null
2020-05-25T15:05:45.000Z;null;null
2020-05-25T15:06:00.000Z;2;1300
2020-05-25T15:06:15.000Z;null;null
2020-05-25T15:06:30.000Z;null;null
2020-05-25T15:06:45.000Z;null;null
2020-05-25T15:07:00.000Z;1;1300
2020-05-25T15:07:15.000Z;null;null
2020-05-25T15:07:30.000Z;null;null
2020-05-25T15:07:45.000Z;null;null
2020-05-25T15:08:00.000Z;146;1300
2020-05-25T15:08:15.000Z;null;null
2020-05-25T15:08:30.000Z;null;null
2020-05-25T15:08:45.000Z;null;null
2020-05-25T15:09:00.000Z;4;1300
2020-05-25T15:09:15.000Z;null;null
2020-05-25T15:09:30.000Z;null;null
2020-05-25T15:09:45.000Z;null;null
2020-05-25T15:10:00.000Z;4;1300
2020-05-25T15:10:15.000Z;null;null
2020-05-25T15:10:30.000Z;null;null
2020-05-25T15:10:45.000Z;null;null
2020-05-25T15:11:00.000Z;128;1300
2020-05-25T15:11:15.000Z;null;null
2020-05-25T15:11:30.000Z;null;null
2020-05-25T15:11:45.000Z;null;null
2020-05-25T15:12:00.000Z;50;1200
2020-05-25T15:12:15.000Z;null;null
2020-05-25T15:12:30.000Z;null;null
2020-05-25T15:12:45.000Z;null;null
2020-05-25T15:13:00.000Z;91;1200
2020-05-25T15:13:15.000Z;null;null
2020-05-25T15:13:30.000Z;null;null
2020-05-25T15:13:45.000Z;null;null
2020-05-25T15:14:00.000Z;41;1100
2020-05-25T15:14:15.000Z;null;null
2020-05-25T15:14:30.000Z;null;null
2020-05-25T15:14:45.000Z;null;null
2020-05-25T15:15:00.000Z;60;1100
2020-05-25T15:15:15.000Z;null;null
2020-05-25T15:15:30.000Z;null;null
2020-05-25T15:15:45.000Z;null;null
2020-05-25T15:16:00.000Z;38;1000
2020-05-25T15:16:15.000Z;null;null
2020-05-25T15:16:30.000Z;null;null
2020-05-25T15:16:45.000Z;null;null
2020-05-25T15:17:00.000Z;53;1900
2020-05-25T15:17:15.000Z;null;null
2020-05-25T15:17:30.000Z;null;null
2020-05-25T15:17:45.000Z;null;null
2020-05-25T15:18:00.000Z;35;900
2020-05-25T15:18:15.000Z;null;null
2020-05-25T15:18:30.000Z;null;null
2020-05-25T15:18:45.000Z;null;null
2020-05-25T15:19:00.000Z;65;1700
2020-05-25T15:19:15.000Z;null;null
2020-05-25T15:19:30.000Z;null;null
2020-05-25T15:19:45.000Z;null;null
2020-05-25T15:20:00.000Z;40;800
2020-05-25T15:20:15.000Z;null;null
2020-05-25T15:20:30.000Z;null;null
2020-05-25T15:20:45.000Z;null;null
2020-05-25T15:21:00.000Z;51;1500
2020-05-25T15:21:15.000Z;null;null
2020-05-25T15:21:30.000Z;null;null
2020-05-25T15:21:45.000Z;null;null
2020-05-25T15:22:00.000Z;48;700
2020-05-25T15:22:15.000Z;null;null
2020-05-25T15:22:30.000Z;null;null
2020-05-25T15:22:45.000Z;null;null
2020-05-25T15:23:00.000Z;30;1300
2020-05-25T15:23:15.000Z;null;null
2020-05-25T15:23:30.000Z;null;null
2020-05-25T15:23:45.000Z;null;null
2020-05-25T15:24:00.000Z;49;600
2020-05-25T15:24:15.000Z;null;null
2020-05-25T15:24:30.000Z;null;null
2020-05-25T15:24:45.000Z;null;null
2020-05-25T15:25:00.000Z;38;1100
2020-05-25T15:25:15.000Z;null;null
2020-05-25T15:25:30.000Z;null;null
2020-05-25T15:25:45.000Z;null;null
2020-05-25T15:26:00.000Z;59;500
2020-05-25T15:26:15.000Z;null;null
2020-05-25T15:26:30.000Z;null;null
2020-05-25T15:26:45.000Z;null;null
2020-05-25T15:27:00.000Z;33;400
2020-05-25T15:27:15.000Z;null;null
2020-05-25T15:27:30.000Z;null;null
2020-05-25T15:27:45.000Z;null;null
2020-05-25T15:28:00.000Z;45;700
2020-05-25T15:28:15.000Z;null;null
2020-05-25T15:28:30.000Z;null;null
2020-05-25T15:28:45.000Z;null;null
2020-05-25T15:29:00.000Z;39;300
2020-05-25T15:29:15.000Z;null;null
2020-05-25T15:29:30.000Z;null;null
2020-05-25T15:29:45.000Z;null;null
2020-05-25T15:30:00.000Z;31;500
2020-05-25T15:30:15.000Z;null;null
2020-05-25T15:30:30.000Z;null;null
2020-05-25T15:30:45.000Z;null;null
2020-05-25T15:31:00.000Z;32;200
2020-05-25T15:31:15.000Z;null;null
2020-05-25T15:31:30.000Z;null;null
2020-05-25T15:31:45.000Z;null;null
2020-05-25T15:32:00.000Z;32;300
2020-05-25T15:32:15.000Z;null;null
2020-05-25T15:32:30.000Z;null;null
2020-05-25T15:32:45.000Z;null;null
2020-05-25T15:33:00.000Z;39;100
2020-05-25T15:33:15.000Z;null;null
2020-05-25T15:33:30.000Z;null;null
2020-05-25T15:33:45.000Z;null;null
2020-05-25T15:34:00.000Z;35;100
2020-05-25T15:34:15.000Z;null;null
2020-05-25T15:34:30.000Z;null;null
2020-05-25T15:34:45.000Z;null;null
2020-05-25T15:35:00.000Z;19;0
2020-05-25T15:35:15.000Z;null;null
2020-05-25T15:35:30.000Z;null;null
2020-05-25T15:35:45.000Z;null;null
2020-05-25T15:36:00.000Z;3;0
2020-05-25T15:36:15.000Z;null;null
2020-05-25T15:36:30.000Z;null;null
2020-05-25T15:36:45.000Z;null;null
2020-05-25T15:37:00.000Z;3;0
2020-05-25T15:37:15.000Z;null;null
2020-05-25T15:37:30.000Z;null;null
2020-05-25T15:37:45.000Z;null;null
2020-05-25T15:38:00.000Z;null;null
2020-05-25T15:38:15.000Z;null;null
2020-05-25T15:38:30.000Z;null;null
2020-05-25T15:38:45.000Z;null;null
2020-05-25T15:39:00.000Z;null;1300
2020-05-25T15:39:15.000Z;null;null
2020-05-25T15:39:30.000Z;null;null
2020-05-25T15:39:45.000Z;null;null
2020-05-25T15:40:00.000Z;2;1300
2020-05-25T15:40:15.000Z;null;null
2020-05-25T15:40:30.000Z;null;null
2020-05-25T15:40:45.000Z;null;null
2020-05-25T15:41:00.000Z;4;1300
2020-05-25T15:41:15.000Z;null;null
2020-05-25T15:41:30.000Z;null;null
2020-05-25T15:41:45.000Z;null;null
2020-05-25T15:42:00.000Z;2;1300
2020-05-25T15:42:15.000Z;null;null
2020-05-25T15:42:30.000Z;null;null
2020-05-25T15:42:45.000Z;null;null
2020-05-25T15:43:00.000Z;2;1300
2020-05-25T15:43:15.000Z;null;null
2020-05-25T15:43:30.000Z;null;null
2020-05-25T15:43:45.000Z;null;null
2020-05-25T15:44:00.000Z;2;1300
2020-05-25T15:44:15.000Z;null;null
2020-05-25T15:44:30.000Z;null;null
2020-05-25T15:44:45.000Z;null;null
2020-05-25T15:45:00.000Z;2;1300
2020-05-25T15:45:15.000Z;null;null
2020-05-25T15:45:30.000Z;null;null
2020-05-25T15:45:45.000Z;null;null
2020-05-25T15:46:00.000Z;143;1300
2020-05-25T15:46:15.000Z;null;null
2020-05-25T15:46:30.000Z;null;null
2020-05-25T15:46:45.000Z;null;null
2020-05-25T15:47:00.000Z;23;1300
2020-05-25T15:47:15.000Z;null;null
2020-05-25T15:47:30.000Z;null;null
2020-05-25T15:47:45.000Z;null;null
2020-05-25T15:48:00.000Z;4;1300
2020-05-25T15:48:15.000Z;null;null
2020-05-25T15:48:30.000Z;null;null
2020-05-25T15:48:45.000Z;null;null
2020-05-25T15:49:00.000Z;133;1300
2020-05-25T15:49:15.000Z;null;null
2020-05-25T15:49:30.000Z;null;null
2020-05-25T15:49:45.000Z;null;null
2020-05-25T15:50:00.000Z;51;1200
2020-05-25T15:50:15.000Z;null;null
2020-05-25T15:50:30.000Z;null;null
2020-05-25T15:50:45.000Z;null;null
2020-05-25T15:51:00.000Z;86;1200
2020-05-25T15:51:15.000Z;null;null
2020-05-25T15:51:30.000Z;null;null
2020-05-25T15:51:45.000Z;null;null
2020-05-25T15:52:00.000Z;45;1100
2020-05-25T15:52:15.000Z;null;null
2020-05-25T15:52:30.000Z;null;null
2020-05-25T15:52:45.000Z;null;null
2020-05-25T15:53:00.000Z;66;1100
2020-05-25T15:53:15.000Z;null;null
2020-05-25T15:53:30.000Z;null;null
2020-05-25T15:53:45.000Z;null;null
2020-05-25T15:54:00.000Z;44;1000
2020-05-25T15:54:15.000Z;null;null
2020-05-25T15:54:30.000Z;null;null
2020-05-25T15:54:45.000Z;null;null
2020-05-25T15:55:00.000Z;53;1000
2020-05-25T15:55:15.000Z;null;null
2020-05-25T15:55:30.000Z;null;null
2020-05-25T15:55:45.000Z;null;null
2020-05-25T15:56:00.000Z;37;900
2020-05-25T15:56:15.000Z;null;null
2020-05-25T15:56:30.000Z;null;null
2020-05-25T15:56:45.000Z;null;null
2020-05-25T15:57:00.000Z;63;900
2020-05-25T15:57:15.000Z;null;null
2020-05-25T15:57:30.000Z;null;null
2020-05-25T15:57:45.000Z;null;null
2020-05-25T15:58:00.000Z;36;800
2020-05-25T15:58:15.000Z;null;null
2020-05-25T15:58:30.000Z;null;null
2020-05-25T15:58:45.000Z;null;null
2020-05-25T15:59:00.000Z;49;1500
2020-05-25T15:59:15.000Z;null;null
2020-05-25T15:59:30.000Z;null;null
2020-05-25T15:59:45.000Z;null;null
2020-05-25T16:00:00.000Z;46;700
2020-05-25T16:00:15.000Z;null;null
2020-05-25T16:00:30.000Z;null;null
2020-05-25T16:00:45.000Z;null;null
2020-05-25T16:01:00.000Z;35;1300
2020-05-25T16:01:15.000Z;null;null
2020-05-25T16:01:30.000Z;null;null
2020-05-25T16:01:45.000Z;null;null
2020-05-25T16:02:00.000Z;46;600
2020-05-25T16:02:15.000Z;null;null
2020-05-25T16:02:30.000Z;null;null
2020-05-25T16:02:45.000Z;null;null
2020-05-25T16:03:00.000Z;37;1100
2020-05-25T16:03:15.000Z;null;null
2020-05-25T16:03:30.000Z;null;null
2020-05-25T16:03:45.000Z;null;null
2020-05-25T16:04:00.000Z;58;500
2020-05-25T16:04:15.000Z;null;null
2020-05-25T16:04:30.000Z;null;null
2020-05-25T16:04:45.000Z;null;null
2020-05-25T16:05:00.000Z;33;400
2020-05-25T16:05:15.000Z;null;null
2020-05-25T16:05:30.000Z;null;null
2020-05-25T16:05:45.000Z;null;null
2020-05-25T16:06:00.000Z;38;700
2020-05-25T16:06:15.000Z;null;null
2020-05-25T16:06:30.000Z;null;null
2020-05-25T16:06:45.000Z;null;null
2020-05-25T16:07:00.000Z;40;300
2020-05-25T16:07:15.000Z;null;null
2020-05-25T16:07:30.000Z;null;null
2020-05-25T16:07:45.000Z;null;null
2020-05-25T16:08:00.000Z;30;500
2020-05-25T16:08:15.000Z;null;null
2020-05-25T16:08:30.000Z;null;null
2020-05-25T16:08:45.000Z;null;null
2020-05-25T16:09:00.000Z;34;200
2020-05-25T16:09:15.000Z;null;null
2020-05-25T16:09:30.000Z;null;null
2020-05-25T16:09:45.000Z;null;null
2020-05-25T16:10:00.000Z;34;300
2020-05-25T16:10:15.000Z;null;null
2020-05-25T16:10:30.000Z;null;null
2020-05-25T16:10:45.000Z;null;null
2020-05-25T16:11:00.000Z;39;100
2020-05-25T16:11:15.000Z;null;null
2020-05-25T16:11:30.000Z;null;null
2020-05-25T16:11:45.000Z;null;null
2020-05-25T16:12:00.000Z;37;100
2020-05-25T16:12:15.000Z;null;null
2020-05-25T16:12:30.000Z;null;null
2020-05-25T16:12:45.000Z;null;null
2020-05-25T16:13:00.000Z;17;0
2020-05-25T16:13:15.000Z;null;null
2020-05-25T16:13:30.000Z;null;null
2020-05-25T16:13:45.000Z;null;null
2020-05-25T16:14:00.000Z;3;0
2020-05-25T16:14:15.000Z;null;null
2020-05-25T16:14:30.000Z;null;null
2020-05-25T16:14:45.000Z;null;null
2020-05-25T16:15:00.000Z;3;0
2020-05-25T16:15:15.000Z;null;null
2020-05-25T16:15:30.000Z;null;null
2020-05-25T16:15:45.000Z;null;null
2020-05-25T16:16:00.000Z;null;null
2020-05-25T16:16:15.000Z;null;null
2020-05-25T16:16:30.000Z;null;null
2020-05-25T16:16:45.000Z;null;null
2020-05-25T16:17:00.000Z;null;1300
2020-05-25T16:17:15.000Z;null;null
2020-05-25T16:17:30.000Z;null;null
2020-05-25T16:17:45.000Z;null;null
2020-05-25T16:18:00.000Z;2;1300
2020-05-25T16:18:15.000Z;null;null
2020-05-25T16:18:30.000Z;null;null
2020-05-25T16:18:45.000Z;null;null
2020-05-25T16:19:00.000Z;4;1300
2020-05-25T16:19:15.000Z;null;null
2020-05-25T16:19:30.000Z;null;null
2020-05-25T16:19:45.000Z;null;null
2020-05-25T16:20:00.000Z;2;1300
2020-05-25T16:20:15.000Z;null;null
2020-05-25T16:20:30.000Z;null;null
2020-05-25T16:20:45.000Z;null;null
2020-05-25T16:21:00.000Z;2;1300
2020-05-25T16:21:15.000Z;null;null
2020-05-25T16:21:30.000Z;null;null
2020-05-25T16:21:45.000Z;null;null
2020-05-25T16:22:00.000Z;2;1300
2020-05-25T16:22:15.000Z;null;null
2020-05-25T16:22:30.000Z;null;null
2020-05-25T16:22:45.000Z;null;null
2020-05-25T16:23:00.000Z;1;1300
2020-05-25T16:23:15.000Z;null;null
2020-05-25T16:23:30.000Z;null;null
2020-05-25T16:23:45.000Z;null;null
2020-05-25T16:24:00.000Z;145;1300
2020-05-25T16:24:15.000Z;null;null
2020-05-25T16:24:30.000Z;null;null
2020-05-25T16:24:45.000Z;null;null
2020-05-25T16:25:00.000Z;3;1300
2020-05-25T16:25:15.000Z;null;null
2020-05-25T16:25:30.000Z;null;null
2020-05-25T16:25:45.000Z;null;null
2020-05-25T16:26:00.000Z;3;1300
2020-05-25T16:26:15.000Z;null;null
2020-05-25T16:26:30.000Z;null;null
2020-05-25T16:26:45.000Z;null;null
2020-05-25T16:27:00.000Z;110;1300
2020-05-25T16:27:15.000Z;null;null
2020-05-25T16:27:30.000Z;null;null
2020-05-25T16:27:45.000Z;null;null
2020-05-25T16:28:00.000Z;54;1200
2020-05-25T16:28:15.000Z;null;null
2020-05-25T16:28:30.000Z;null;null
2020-05-25T16:28:45.000Z;null;null
2020-05-25T16:29:00.000Z;81;2300
2020-05-25T16:29:15.000Z;null;null
2020-05-25T16:29:30.000Z;null;null
2020-05-25T16:29:45.000Z;null;null
2020-05-25T16:30:00.000Z;75;1100
2020-05-25T16:30:15.000Z;null;null
2020-05-25T16:30:30.000Z;null;null
2020-05-25T16:30:45.000Z;null;null
2020-05-25T16:31:00.000Z;38;2100
2020-05-25T16:31:15.000Z;null;null
2020-05-25T16:31:30.000Z;null;null
2020-05-25T16:31:45.000Z;null;null
2020-05-25T16:32:00.000Z;61;1000
2020-05-25T16:32:15.000Z;null;null
2020-05-25T16:32:30.000Z;null;null
2020-05-25T16:32:45.000Z;null;null
2020-05-25T16:33:00.000Z;36;1900
2020-05-25T16:33:15.000Z;null;null
2020-05-25T16:33:30.000Z;null;null
2020-05-25T16:33:45.000Z;null;null
2020-05-25T16:34:00.000Z;69;900
2020-05-25T16:34:15.000Z;null;null
2020-05-25T16:34:30.000Z;null;null
2020-05-25T16:34:45.000Z;null;null
2020-05-25T16:35:00.000Z;37;1700
2020-05-25T16:35:15.000Z;null;null
2020-05-25T16:35:30.000Z;null;null
2020-05-25T16:35:45.000Z;null;null
2020-05-25T16:36:00.000Z;63;800
2020-05-25T16:36:15.000Z;null;null
2020-05-25T16:36:30.000Z;null;null
2020-05-25T16:36:45.000Z;null;null
2020-05-25T16:37:00.000Z;43;700
2020-05-25T16:37:15.000Z;null;null
2020-05-25T16:37:30.000Z;null;null
2020-05-25T16:37:45.000Z;null;null
2020-05-25T16:38:00.000Z;31;1300
2020-05-25T16:38:15.000Z;null;null
2020-05-25T16:38:30.000Z;null;null
2020-05-25T16:38:45.000Z;null;null
2020-05-25T16:39:00.000Z;41;600
2020-05-25T16:39:15.000Z;null;null
2020-05-25T16:39:30.000Z;null;null
2020-05-25T16:39:45.000Z;null;null
2020-05-25T16:40:00.000Z;43;1100
2020-05-25T16:40:15.000Z;null;null
2020-05-25T16:40:30.000Z;null;null
2020-05-25T16:40:45.000Z;null;null
2020-05-25T16:41:00.000Z;70;500
2020-05-25T16:41:15.000Z;null;null
2020-05-25T16:41:30.000Z;null;null
2020-05-25T16:41:45.000Z;null;null
2020-05-25T16:42:00.000Z;35;900
2020-05-25T16:42:15.000Z;null;null
2020-05-25T16:42:30.000Z;null;null
2020-05-25T16:42:45.000Z;null;null
2020-05-25T16:43:00.000Z;40;400
2020-05-25T16:43:15.000Z;null;null
2020-05-25T16:43:30.000Z;null;null
2020-05-25T16:43:45.000Z;null;null
2020-05-25T16:44:00.000Z;33;300
2020-05-25T16:44:15.000Z;null;null
2020-05-25T16:44:30.000Z;null;null
2020-05-25T16:44:45.000Z;null;null
2020-05-25T16:45:00.000Z;40;500
2020-05-25T16:45:15.000Z;null;null
2020-05-25T16:45:30.000Z;null;null
2020-05-25T16:45:45.000Z;null;null
2020-05-25T16:46:00.000Z;33;200
2020-05-25T16:46:15.000Z;null;null
2020-05-25T16:46:30.000Z;null;null
2020-05-25T16:46:45.000Z;null;null
2020-05-25T16:47:00.000Z;28;300
2020-05-25T16:47:15.000Z;null;null
2020-05-25T16:47:30.000Z;null;null
2020-05-25T16:47:45.000Z;null;null
2020-05-25T16:48:00.000Z;37;100
2020-05-25T16:48:15.000Z;null;null
2020-05-25T16:48:30.000Z;null;null
2020-05-25T16:48:45.000Z;null;null
2020-05-25T16:49:00.000Z;33;100
2020-05-25T16:49:15.000Z;null;null
2020-05-25T16:49:30.000Z;null;null
2020-05-25T16:49:45.000Z;null;null
2020-05-25T16:50:00.000Z;28;0
2020-05-25T16:50:15.000Z;null;null
2020-05-25T16:50:30.000Z;null;null
2020-05-25T16:50:45.000Z;null;null
2020-05-25T16:51:00.000Z;5;0
2020-05-25T16:51:15.000Z;null;null
2020-05-25T16:51:30.000Z;null;null
2020-05-25T16:51:45.000Z;null;null
2020-05-25T16:52:00.000Z;3;0
2020-05-25T16:52:15.000Z;null;null
2020-05-25T16:52:30.000Z;null;null
2020-05-25T16:52:45.000Z;null;null
2020-05-25T16:53:00.000Z;3;0
2020-05-25T16:53:15.000Z;null;null
2020-05-25T16:53:30.000Z;null;null
2020-05-25T16:53:45.000Z;null;null
2020-05-25T16:54:00.000Z;4;0
2020-05-25T16:54:15.000Z;null;null
2020-05-25T16:54:30.000Z;null;null
2020-05-25T16:54:45.000Z;null;null
2020-05-25T16:55:00.000Z;3;0
2020-05-25T16:55:15.000Z;null;null
2020-05-25T16:55:30.000Z;null;null
2020-05-25T16:55:45.000Z;null;null
2020-05-25T16:56:00.000Z;2;0
2020-05-25T16:56:15.000Z;null;null
2020-05-25T16:56:30.000Z;null;null
2020-05-25T16:56:45.000Z;null;null
2020-05-25T16:57:00.000Z;2;0
2020-05-25T16:57:15.000Z;null;null
2020-05-25T16:57:30.000Z;null;null
2020-05-25T16:57:45.000Z;null;null
2020-05-25T16:58:00.000Z;2;0
2020-05-25T16:58:15.000Z;null;null
2020-05-25T16:58:30.000Z;null;null
2020-05-25T16:58:45.000Z;null;null
2020-05-25T16:59:00.000Z;2;0
2020-05-25T16:59:15.000Z;null;null
2020-05-25T16:59:30.000Z;null;null
2020-05-25T16:59:45.000Z;null;null
2020-05-25T17:00:00.000Z;2;0
2020-05-25T17:00:15.000Z;null;null
2020-05-25T17:00:30.000Z;null;null
2020-05-25T17:00:45.000Z;null;null
2020-05-25T17:01:00.000Z;4;0
2020-05-25T17:01:15.000Z;null;null
2020-05-25T17:01:30.000Z;null;null
2020-05-25T17:01:45.000Z;null;null
2020-05-25T17:02:00.000Z;2;0
2020-05-25T17:02:15.000Z;null;null
2020-05-25T17:02:30.000Z;null;null
2020-05-25T17:02:45.000Z;null;null
2020-05-25T17:03:00.000Z;1;0
2020-05-25T17:03:15.000Z;null;null
2020-05-25T17:03:30.000Z;null;null
2020-05-25T17:03:45.000Z;null;null
2020-05-25T17:04:00.000Z;1;0
2020-05-25T17:04:15.000Z;null;null
2020-05-25T17:04:30.000Z;null;null
2020-05-25T17:04:45.000Z;null;null
2020-05-25T17:05:00.000Z;1;0
2020-05-25T17:05:15.000Z;null;null
2020-05-25T17:05:30.000Z;null;null
2020-05-25T17:05:45.000Z;null;null
2020-05-25T17:06:00.000Z;null;0
2020-05-25T17:06:15.000Z;null;null
2020-05-25T17:06:30.000Z;null;null
2020-05-25T17:06:45.000Z;null;null
2020-05-25T17:07:00.000Z;null;1300
2020-05-25T17:07:15.000Z;null;null
2020-05-25T17:07:30.000Z;null;null
2020-05-25T17:07:45.000Z;null;null
2020-05-25T17:08:00.000Z;2;1300
2020-05-25T17:08:15.000Z;null;null
2020-05-25T17:08:30.000Z;null;null
2020-05-25T17:08:45.000Z;null;null
2020-05-25T17:09:00.000Z;2;1300
2020-05-25T17:09:15.000Z;null;null
2020-05-25T17:09:30.000Z;null;null
2020-05-25T17:09:45.000Z;null;null
2020-05-25T17:10:00.000Z;2;1300
2020-05-25T17:10:15.000Z;null;null
2020-05-25T17:10:30.000Z;null;null
2020-05-25T17:10:45.000Z;null;null
2020-05-25T17:11:00.000Z;3;1300
2020-05-25T17:11:15.000Z;null;null
2020-05-25T17:11:30.000Z;null;null
2020-05-25T17:11:45.000Z;null;null
2020-05-25T17:12:00.000Z;2;1300
2020-05-25T17:12:15.000Z;null;null
2020-05-25T17:12:30.000Z;null;null
2020-05-25T17:12:45.000Z;null;null
2020-05-25T17:13:00.000Z;1;1300
2020-05-25T17:13:15.000Z;null;null
2020-05-25T17:13:30.000Z;null;null
2020-05-25T17:13:45.000Z;null;null
2020-05-25T17:14:00.000Z;77;1300
2020-05-25T17:14:15.000Z;null;null
2020-05-25T17:14:30.000Z;null;null
2020-05-25T17:14:45.000Z;null;null
2020-05-25T17:15:00.000Z;127;1300
2020-05-25T17:15:15.000Z;null;null
2020-05-25T17:15:30.000Z;null;null
2020-05-25T17:15:45.000Z;null;null
2020-05-25T17:16:00.000Z;69;1200
2020-05-25T17:16:15.000Z;null;null
2020-05-25T17:16:30.000Z;null;null
2020-05-25T17:16:45.000Z;null;null
2020-05-25T17:17:00.000Z;null;1200
2020-05-25T17:17:15.000Z;null;null
2020-05-25T17:17:30.000Z;null;null
2020-05-25T17:17:45.000Z;null;null
2020-05-25T17:18:00.000Z;null;1300
2020-05-25T17:18:15.000Z;null;null
2020-05-25T17:18:30.000Z;null;null
2020-05-25T17:18:45.000Z;null;null
2020-05-25T17:19:00.000Z;26;1300
2020-05-25T17:19:15.000Z;null;null
2020-05-25T17:19:30.000Z;null;null
2020-05-25T17:19:45.000Z;null;null
2020-05-25T17:20:00.000Z;2;1300
2020-05-25T17:20:15.000Z;null;null
2020-05-25T17:20:30.000Z;null;null
2020-05-25T17:20:45.000Z;null;null
2020-05-25T17:21:00.000Z;3;1300
2020-05-25T17:21:15.000Z;null;null
2020-05-25T17:21:30.000Z;null;null
2020-05-25T17:21:45.000Z;null;null
2020-05-25T17:22:00.000Z;2;1300
2020-05-25T17:22:15.000Z;null;null
2020-05-25T17:22:30.000Z;null;null
2020-05-25T17:22:45.000Z;null;null
2020-05-25T17:23:00.000Z;2;1300
2020-05-25T17:23:15.000Z;null;null
2020-05-25T17:23:30.000Z;null;null
2020-05-25T17:23:45.000Z;null;null
2020-05-25T17:24:00.000Z;2;1300
2020-05-25T17:24:15.000Z;null;null
2020-05-25T17:24:30.000Z;null;null
2020-05-25T17:24:45.000Z;null;null
2020-05-25T17:25:00.000Z;1;1300
2020-05-25T17:25:15.000Z;null;null
2020-05-25T17:25:30.000Z;null;null
2020-05-25T17:25:45.000Z;null;null
2020-05-25T17:26:00.000Z;149;1300
2020-05-25T17:26:15.000Z;null;null
2020-05-25T17:26:30.000Z;null;null
2020-05-25T17:26:45.000Z;null;null
2020-05-25T17:27:00.000Z;74;2500
2020-05-25T17:27:15.000Z;null;null
2020-05-25T17:27:30.000Z;null;null
2020-05-25T17:27:45.000Z;null;null
2020-05-25T17:28:00.000Z;26;1200
2020-05-25T17:28:15.000Z;null;null
2020-05-25T17:28:30.000Z;null;null
2020-05-25T17:28:45.000Z;null;null
2020-05-25T17:29:00.000Z;null;null
2020-05-25T17:29:15.000Z;null;null
2020-05-25T17:29:30.000Z;null;null
2020-05-25T17:29:45.000Z;null;null
2020-05-25T17:30:00.000Z;202;1300
2020-05-25T17:30:15.000Z;null;null
2020-05-25T17:30:30.000Z;null;null
2020-05-25T17:30:45.000Z;null;null
2020-05-25T17:31:00.000Z;2;1300
2020-05-25T17:31:15.000Z;null;null
2020-05-25T17:31:30.000Z;null;null
2020-05-25T17:31:45.000Z;null;null
2020-05-25T17:32:00.000Z;2;1300
2020-05-25T17:32:15.000Z;null;null
2020-05-25T17:32:30.000Z;null;null
2020-05-25T17:32:45.000Z;null;null
2020-05-25T17:33:00.000Z;3;1300
2020-05-25T17:33:15.000Z;null;null
2020-05-25T17:33:30.000Z;null;null
2020-05-25T17:33:45.000Z;null;null
2020-05-25T17:34:00.000Z;2;1300
2020-05-25T17:34:15.000Z;null;null
2020-05-25T17:34:30.000Z;null;null
2020-05-25T17:34:45.000Z;null;null
2020-05-25T17:35:00.000Z;2;1300
2020-05-25T17:35:15.000Z;null;null
2020-05-25T17:35:30.000Z;null;null
2020-05-25T17:35:45.000Z;null;null
2020-05-25T17:36:00.000Z;1;1300
2020-05-25T17:36:15.000Z;null;null
2020-05-25T17:36:30.000Z;null;null
2020-05-25T17:36:45.000Z;null;null
2020-05-25T17:37:00.000Z;87;1300
2020-05-25T17:37:15.000Z;null;null
2020-05-25T17:37:30.000Z;null;null
2020-05-25T17:37:45.000Z;null;null
2020-05-25T17:38:00.000Z;111;2500
2020-05-25T17:38:15.000Z;null;null
2020-05-25T17:38:30.000Z;null;null
2020-05-25T17:38:45.000Z;null;null
2020-05-25T17:39:00.000Z;64;1200
2020-05-25T17:39:15.000Z;null;null
2020-05-25T17:39:30.000Z;null;null
2020-05-25T17:39:45.000Z;null;null
2020-05-25T17:40:00.000Z;3;1200
2020-05-25T17:40:15.000Z;null;null
2020-05-25T17:40:30.000Z;null;null
2020-05-25T17:40:45.000Z;null;null
2020-05-25T17:41:00.000Z;1;1200
2020-05-25T17:41:15.000Z;null;null
2020-05-25T17:41:30.000Z;null;null
2020-05-25T17:41:45.000Z;null;null
2020-05-25T17:42:00.000Z;2;1200
2020-05-25T17:42:15.000Z;null;null
2020-05-25T17:42:30.000Z;null;null
2020-05-25T17:42:45.000Z;null;null
2020-05-25T17:43:00.000Z;4;1200
2020-05-25T17:43:15.000Z;null;null
2020-05-25T17:43:30.000Z;null;null
2020-05-25T17:43:45.000Z;null;null
2020-05-25T17:44:00.000Z;4;1200
2020-05-25T17:44:15.000Z;null;null
2020-05-25T17:44:30.000Z;null;null
2020-05-25T17:44:45.000Z;null;null
2020-05-25T17:45:00.000Z;2;1200
2020-05-25T17:45:15.000Z;null;null
2020-05-25T17:45:30.000Z;null;null
2020-05-25T17:45:45.000Z;null;null
2020-05-25T17:46:00.000Z;1;1200
2020-05-25T17:46:15.000Z;null;null
2020-05-25T17:46:30.000Z;null;null
2020-05-25T17:46:45.000Z;null;null
2020-05-25T17:47:00.000Z;2;1200
2020-05-25T17:47:15.000Z;null;null
2020-05-25T17:47:30.000Z;null;null
2020-05-25T17:47:45.000Z;null;null
2020-05-25T17:48:00.000Z;2;1200
2020-05-25T17:48:15.000Z;null;null
2020-05-25T17:48:30.000Z;null;null
2020-05-25T17:48:45.000Z;null;null
2020-05-25T17:49:00.000Z;2;1200
2020-05-25T17:49:15.000Z;null;null
2020-05-25T17:49:30.000Z;null;null
2020-05-25T17:49:45.000Z;null;null
2020-05-25T17:50:00.000Z;1;1200
2020-05-25T17:50:15.000Z;null;null
2020-05-25T17:50:30.000Z;null;null
2020-05-25T17:50:45.000Z;null;null
2020-05-25T17:51:00.000Z;1;1200
2020-05-25T17:51:15.000Z;null;null
2020-05-25T17:51:30.000Z;null;null
2020-05-25T17:51:45.000Z;null;null
2020-05-25T17:52:00.000Z;2;1200
2020-05-25T17:52:15.000Z;null;null
2020-05-25T17:52:30.000Z;null;null
2020-05-25T17:52:45.000Z;null;null
2020-05-25T17:53:00.000Z;2;1200
2020-05-25T17:53:15.000Z;null;null
2020-05-25T17:53:30.000Z;null;null
2020-05-25T17:53:45.000Z;null;null
2020-05-25T17:54:00.000Z;2;1200
2020-05-25T17:54:15.000Z;null;null
2020-05-25T17:54:30.000Z;null;null
2020-05-25T17:54:45.000Z;null;null
2020-05-25T17:55:00.000Z;2;1200
2020-05-25T17:55:15.000Z;null;null
2020-05-25T17:55:30.000Z;null;null
2020-05-25T17:55:45.000Z;null;null
2020-05-25T17:56:00.000Z;2;1200
2020-05-25T17:56:15.000Z;null;null
2020-05-25T17:56:30.000Z;null;null
2020-05-25T17:56:45.000Z;null;null
2020-05-25T17:57:00.000Z;2;1200
2020-05-25T17:57:15.000Z;null;null
2020-05-25T17:57:30.000Z;null;null
2020-05-25T17:57:45.000Z;null;null
2020-05-25T17:58:00.000Z;2;1200
2020-05-25T17:58:15.000Z;null;null
2020-05-25T17:58:30.000Z;null;null
2020-05-25T17:58:45.000Z;null;null
2020-05-25T17:59:00.000Z;2;1200
2020-05-25T17:59:15.000Z;null;null
2020-05-25T17:59:30.000Z;null;null
2020-05-25T17:59:45.000Z;null;null
2020-05-25T18:00:00.000Z;2;1200
2020-05-25T18:00:15.000Z;null;null
2020-05-25T18:00:30.000Z;null;null
2020-05-25T18:00:45.000Z;null;null
2020-05-25T18:01:00.000Z;null;1300
2020-05-25T18:01:15.000Z;null;null
2020-05-25T18:01:30.000Z;null;null
2020-05-25T18:01:45.000Z;null;null
2020-05-25T18:02:00.000Z;198;1300
2020-05-25T18:02:15.000Z;null;null
2020-05-25T18:02:30.000Z;null;null
2020-05-25T18:02:45.000Z;null;null
2020-05-25T18:03:00.000Z;3;1300
2020-05-25T18:03:15.000Z;null;null
2020-05-25T18:03:30.000Z;null;null
2020-05-25T18:03:45.000Z;null;null
2020-05-25T18:04:00.000Z;3;1300
2020-05-25T18:04:15.000Z;null;null
2020-05-25T18:04:30.000Z;null;null
2020-05-25T18:04:45.000Z;null;null
